time,position,direction
5352557.52176,0,
5352763.836004,-1,L
5353074.405829,-2,L
5353462.140888,-3,L
5355453.227427,-2,R
5355493.433666,-1,R
5355515.652956,0,R
5355543.248334,1,R
5355569.111251,2,R
5355594.704189,3,R
5355639.453951,4,R
5355699.390118,3,L
5355739.796077,2,L
5355869.913391,1,L
5356088.827718,0,L
5356393.846163,-1,L
5357044.958339,-2,L
5357702.69196,-3,L
5358538.239146,-2,R
5358571.398982,-1,R
5358603.323628,0,R
5358709.729187,-1,L
5358782.400436,-2,L
5359037.221033,-3,L
5360141.871125,-4,L
5360223.814105,-3,R
5360250.89836,-2,R
5360272.118865,-1,R
5360311.383725,0,R
5360413.918699,-1,L
5360460.457108,-2,L
5360492.692491,-3,L
5361342.520581,-4,L
5370686.788434,-5,L
5385546.070573,-4,R
5385611.717108,-3,R
5385937.465369,-4,L
5387532.599323,-3,R
5387555.842475,-2,R
5387692.786984,-3,L
5388828.957818,-4,L
5396592.795182,-5,L
5398810.548377,-4,R
5398837.51558,-3,R
5398866.455855,-2,R
5398889.43988,-1,R
5398958.095885,-2,L
5398985.162069,-3,L
5399204.917913,-4,L
5400845.606036,-5,L
5401543.519555,-6,L
5405740.28421,-7,L
5406402.466612,-8,L
5412360.020083,-9,L
5413729.605805,-8,R
5413752.902847,-7,R
5413771.18685,-6,R
5413788.458494,-5,R
5413841.956446,-6,L
5413864.331404,-7,L
5413886.519828,-8,L
5413936.992535,-9,L
5418068.099673,-10,L
5422860.453184,-9,R
5422866.041382,-8,R
5422870.985921,-7,R
5422875.960033,-6,R
5422881.487176,-5,R
5422888.106233,-4,R
5422896.382736,-3,R
5422907.289302,-2,R
5422924.869387,-1,R
5423007.96285,-2,L
5423076.550193,-3,L
5423806.150036,-4,L
5424328.978862,-3,R
5424630.152628,-4,L
5424945.585294,-5,L
5426011.57269,-6,L
5426809.002094,-7,L
5427209.941662,-8,L
5429665.483475,-7,R
5429704.193997,-6,R
5429787.388812,-7,L
5431713.274343,-8,L
5433376.820261,-7,R
5433382.505588,-6,R
5433387.698513,-5,R
5433393.184472,-4,R
5433399.689512,-3,R
5433408.489638,-2,R
5433422.739835,-1,R
5433499.243093,-2,L
5433546.697169,-3,L
5433604.660018,-4,L
5434066.216655,-5,L
5434611.536693,-6,L
5434944.749099,-7,L
5436471.28956,-8,L
5442204.689554,-9,L
5443893.714498,-8,R
5443903.589761,-7,R
5443916.23166,-6,R
5443980.946975,-7,L
5444021.094928,-8,L
5444126.177192,-9,L
5445229.90908,-10,L
5451549.328261,-11,L
5454406.22057,-10,R
5454414.218613,-9,R
5454422.607041,-8,R
5454434.122138,-7,R
5454457.527273,-6,R
5454573.272036,-7,L
5454763.368344,-8,L
5454964.400849,-9,L
5455186.321293,-10,L
5455462.130394,-11,L
5456025.82391,-12,L
5460387.282315,-13,L
5464920.549573,-12,R
5464932.541777,-11,R
5465002.686777,-12,L
5465053.527245,-13,L
5465620.181445,-14,L
5468929.435013,-15,L
5475420.542508,-14,R
5475426.286372,-13,R
5475430.66851,-12,R
5475434.577264,-11,R
5475438.409501,-10,R
5475442.311144,-9,R
5475446.410062,-8,R
5475450.857588,-7,R
5475455.780998,-6,R
5475461.330086,-5,R
5475467.886719,-4,R
5475476.234333,-3,R
5475489.434709,-2,R
5475547.636117,-3,L
5475581.624065,-4,L
5475616.810611,-5,L
5475652.218414,-6,L
5475707.269505,-7,L
5476016.699015,-8,L
5476270.105575,-9,L
5476681.484003,-10,L
5477864.81608,-11,L
5478777.106104,-12,L
5481934.380782,-13,L
5485944.298256,-12,R
5485952.692776,-11,R
5485962.206581,-10,R
5485979.509839,-9,R
5486059.364071,-10,L
5486109.53529,-11,L
5486544.183236,-12,L
5487225.752485,-13,L
5489868.513059,-14,L
5496458.11934,-13,R
5496470.008453,-12,R
5496517.34237,-13,L
5496646.176818,-14,L
5497208.932157,-15,L
5498392.147548,-16,L
5506958.075669,-15,R
5506965.759846,-14,R
5506971.838225,-13,R
5506977.859624,-12,R
5506984.953862,-11,R
5506994.639055,-10,R
5507012.166848,-9,R
5507137.574169,-10,L
5507177.927625,-11,L
5507652.75642,-12,L
5508113.909621,-13,L
5508913.483396,-14,L
5515891.905786,-15,L
5517473.869381,-14,R
5517480.881954,-13,R
5517487.411181,-12,R
5517494.928896,-11,R
5517506.953731,-10,R
5517570.733881,-11,L
5517601.034353,-12,L
5517894.774597,-11,R
5518191.105461,-12,L
5518878.13644,-13,L
5520336.674293,-12,R
5520383.08574,-11,R
5520486.154211,-12,L
5521017.566118,-13,L
5522260.102732,-14,L
5527981.989965,-13,R
5527989.414201,-12,R
5527995.19825,-11,R
5528001.016095,-10,R
5528007.560525,-9,R
5528016.298543,-8,R
5528031.65649,-7,R
5528183.938011,-8,L
5528358.203075,-7,R
5528536.658131,-8,L
5528832.541803,-9,L
5528972.756453,-8,R
5529089.106618,-9,L
5529164.707773,-10,L
5529319.929208,-11,L
5529573.613498,-12,L
5530141.925372,-13,L
5530914.57899,-12,R
5531266.821506,-13,L
5532103.153669,-14,L
5538497.31996,-13,R
5538505.706463,-12,R
5538512.9462,-11,R
5538521.143132,-10,R
5538533.926995,-9,R
5538561.562941,-8,R
5538646.128669,-9,L
5538685.081458,-10,L
5538747.155092,-11,L
5538825.642144,-12,L
5539250.899017,-13,L
5540507.966782,-14,L
5549011.212546,-13,R
5549017.982882,-12,R
5549024.040984,-11,R
5549030.308936,-10,R
5549037.964669,-9,R
5549050.01167,-8,R
5549109.815108,-9,L
5549145.581227,-10,L
5549171.710542,-11,L
5549194.53041,-12,L
5549216.294401,-13,L
5549250.406427,-14,L
5549869.570208,-15,L
5559526.017139,-14,R
5559534.720732,-13,R
5559543.228808,-12,R
5559557.445324,-11,R
5559685.974699,-12,L
5560145.02762,-13,L
5560424.568521,-14,L
5561276.114293,-15,L
5570026.645894,-14,R
5570034.578125,-13,R
5570041.17237,-12,R
5570048.203703,-11,R
5570057.43879,-10,R
5570112.306264,-11,L
5570134.607564,-12,L
5570158.891844,-13,L
5570191.865365,-14,L
5570323.610561,-15,L
5580542.555179,-14,R
5580550.417077,-13,R
5580557.688723,-12,R
5580566.930032,-11,R
5580587.840052,-10,R
5580669.100711,-11,L
5580788.779352,-12,L
5581072.266019,-13,L
5581481.455337,-14,L
5591052.186071,-13,R
5591059.315459,-12,R
5591065.258488,-11,R
5591071.356239,-10,R
5591079.099527,-9,R
5591091.752746,-8,R
5591162.312593,-9,L
5591185.120537,-10,L
5591203.741674,-11,L
5591222.382792,-12,L
5591246.044727,-13,L
5591334.502904,-12,R
5591829.832173,-13,L
5592879.572884,-14,L
5593167.689619,-15,L
5601559.602966,-14,R
5601567.592252,-13,R
5601574.516475,-12,R
5601582.061137,-11,R
5601592.722654,-10,R
5601649.223021,-11,L
5601698.699092,-12,L
5601738.999149,-13,L
5601765.731756,-14,L
5601792.199958,-15,L
5601826.020546,-16,L
5601903.028864,-17,L
5601920.971119,-18,L
5601934.099295,-19,L
5601945.215345,-20,L
5601956.056194,-21,L
5601968.573062,-22,L
5601985.528753,-23,L
5602040.351435,-22,R
5602059.56825,-21,R
5602073.944914,-20,R
5602085.991231,-19,R
5602097.058726,-18,R
5602108.248385,-17,R
5602121.254693,-16,R
5602139.925385,-15,R
5602267.70039,-16,L
5602676.302749,-17,L
5602822.545707,-18,L
5603108.063957,-19,L
5603523.49006,-20,L
5604246.25835,-21,L
5604757.418111,-22,L
5606105.040264,-23,L
5606348.737475,-22,R
5606659.570774,-23,L
5607528.066811,-24,L
5608443.185673,-23,R
5608617.429505,-22,R
5608646.50194,-21,R
5608689.071306,-20,R
5608841.647551,-19,R
5608958.172454,-20,L
5609102.439361,-21,L
5609516.403965,-22,L
5610171.188386,-23,L
5611503.318529,-22,R
5612075.57721,-21,R
5612084.454005,-20,R
5612093.133636,-19,R
5612105.097325,-18,R
5612162.579979,-19,L
5612210.088998,-20,L
5612355.108472,-19,R
5612497.413104,-18,R
5612540.274467,-17,R
5612606.783434,-16,R
5612766.94586,-15,R
5612825.242191,-16,L
5612853.315636,-17,L
5612896.465626,-18,L
5612980.722999,-19,L
5613032.323789,-20,L
5613110.283191,-21,L
5613175.887186,-22,L
5613232.831698,-23,L
5613284.856039,-24,L
5613532.985484,-25,L
5613680.771096,-26,L
5613767.660719,-27,L
5613978.922496,-28,L
5614184.710442,-29,L
5614331.228419,-30,L
5614363.717707,-31,L
5614385.70579,-32,L
5614403.799544,-33,L
5614421.355711,-34,L
5614439.708722,-35,L
5614462.394094,-36,L
5614512.961173,-35,R
5614528.218661,-34,R
5614541.198025,-33,R
5614553.281212,-32,R
5614566.764867,-31,R
5614580.928292,-30,R
5614596.94342,-29,R
5614625.96904,-28,R
5614660.364308,-27,R
5614688.276014,-26,R
5614718.477308,-25,R
5614766.045122,-26,L
5614783.666381,-27,L
5614799.363401,-28,L
5614814.005266,-29,L
5614828.84448,-30,L
5614845.263252,-31,L
5614861.845652,-32,L
5614876.128261,-33,L
5614886.362264,-34,L
5614894.250774,-35,L
5614900.957833,-36,L
5614906.850123,-37,L
5614912.163956,-38,L
5614917.063571,-39,L
5614921.706003,-40,L
5614926.151068,-41,L
5614930.47793,-42,L
5614934.734866,-43,L
5614938.958877,-44,L
5614943.203703,-45,L
5614947.522695,-46,L
5614951.990962,-47,L
5614956.667302,-48,L
5614961.677601,-49,L
5614967.160007,-50,L
5614973.321608,-51,L
5614980.550551,-52,L
5614989.557141,-53,L
5615002.041121,-54,L
5615024.047038,-55,L
5615097.45971,-54,R
5615126.386517,-53,R
5615160.853302,-52,R
5615188.292032,-51,R
5615207.898419,-50,R
5615228.287519,-49,R
5615279.820051,-50,L
5615295.393183,-51,L
5615307.962051,-52,L
5615318.558273,-53,L
5615327.902101,-54,L
5615336.595417,-55,L
5615344.843534,-56,L
5615352.847246,-57,L
5615360.687237,-58,L
5615368.534488,-59,L
5615376.612922,-60,L
5615385.183591,-61,L
5615394.631714,-62,L
5615405.446563,-63,L
5615417.996412,-64,L
5615432.603388,-65,L
5615458.896315,-66,L
5615503.629641,-65,R
5615522.056651,-64,R
5615534.011136,-63,R
5615544.640413,-62,R
5615555.113951,-61,R
5615566.79294,-60,R
5615582.283332,-59,R
5615611.77367,-58,R
5615646.369714,-57,R
5615676.270918,-56,R
5615714.144168,-55,R
5615812.703946,-56,L
5615863.618447,-57,L
5615889.676581,-58,L
5615901.9166,-59,L
5615910.975338,-60,L
5615918.492166,-61,L
5615925.073782,-62,L
5615931.068145,-63,L
5615936.63305,-64,L
5615941.840162,-65,L
5615946.798609,-66,L
5615951.596707,-67,L
5615956.300824,-68,L
5615960.95222,-69,L
5615965.579745,-70,L
5615970.223845,-71,L
5615974.951202,-72,L
5615979.780892,-73,L
5615984.768581,-74,L
5615989.923045,-75,L
5615995.297396,-76,L
5616000.960207,-77,L
5616007.006939,-78,L
5616013.608888,-79,L
5616020.937626,-80,L
5616029.233131,-81,L
5616038.977714,-82,L
5616050.81733,-83,L
5616063.59914,-84,L
5616076.372191,-85,L
5616089.74381,-86,L
5616104.648134,-87,L
5616120.585059,-88,L
5616134.845465,-89,L
5616147.106355,-90,L
5616159.778332,-91,L
5616172.875713,-92,L
5616185.135788,-93,L
5616196.547816,-94,L
5616206.525267,-95,L
5616214.958122,-96,L
5616222.37597,-97,L
5616229.27399,-98,L
5616235.845347,-99,L
5616242.175595,-100,L
5616248.592139,-101,L
5616255.128922,-102,L
5616261.835333,-103,L
5616268.826352,-104,L
5616276.201867,-105,L
5616284.081877,-106,L
5616292.444493,-107,L
5616301.567193,-108,L
5616312.437893,-109,L
5616325.941862,-110,L
5616340.613542,-111,L
5616356.656817,-112,L
5616375.706228,-113,L
5616394.411587,-114,L
5616410.178236,-115,L
5616423.66639,-116,L
5616435.957409,-117,L
5616447.253087,-118,L
5616457.960881,-119,L
5616467.832315,-120,L
5616476.622333,-121,L
5616484.705896,-122,L
5616492.666887,-123,L
5616500.713376,-124,L
5616508.522553,-125,L
5616515.802884,-126,L
5616522.610701,-127,L
5616529.059078,-128,L
5616535.293327,-129,L
5616541.509299,-130,L
5616547.742863,-131,L
5616554.09487,-132,L
5616560.962724,-133,L
5616568.716698,-134,L
5616577.48931,-135,L
5616587.862941,-136,L
5616600.062868,-137,L
5616616.885895,-138,L
5616643.785872,-139,L
5616658.111665,-140,L
5616669.592619,-141,L
5616679.881844,-142,L
5616690.441899,-143,L
5616701.782058,-144,L
5616714.939771,-145,L
5616734.966857,-146,L
5616752.54508,-147,L
5616766.073845,-148,L
5616778.517844,-149,L
5616791.523633,-150,L
5616805.362265,-151,L
5616818.546089,-152,L
5616829.627251,-153,L
5616839.227298,-154,L
5616848.256573,-155,L
5616857.614475,-156,L
5616868.25827,-157,L
5616881.032599,-158,L
5616894.963767,-159,L
5616906.732069,-160,L
5616915.41933,-161,L
5616922.330294,-162,L
5616928.226269,-163,L
5616933.462548,-164,L
5616938.310441,-165,L
5616942.865078,-166,L
5616947.219088,-167,L
5616951.373933,-168,L
5616955.385706,-169,L
5616959.313868,-170,L
5616963.220346,-171,L
5616967.156527,-172,L
5616971.12817,-173,L
5616975.178535,-174,L
5616979.295343,-175,L
5616983.512169,-176,L
5616987.824031,-177,L
5616992.289466,-178,L
5616996.883325,-179,L
5617001.557091,-180,L
5617006.334707,-181,L
5617011.179545,-182,L
5617016.201066,-183,L
5617021.404882,-184,L
5617026.699197,-185,L
5617031.954697,-186,L
5617037.136902,-187,L
5617042.463661,-188,L
5617048.066824,-189,L
5617053.950836,-190,L
5617060.446934,-191,L
5617067.658025,-192,L
5617075.858106,-193,L
5617085.304266,-194,L
5617095.706638,-195,L
5617106.734725,-196,L
5617119.460999,-197,L
5617139.186903,-198,L
5617154.849979,-199,L
5617166.173323,-200,L
5617176.823859,-201,L
5617186.832994,-202,L
5617196.53504,-203,L
5617207.349482,-204,L
5617218.474013,-205,L
5617229.589378,-206,L
5617243.602601,-207,L
5617260.666403,-208,L
5617274.356981,-209,L
5617284.605614,-210,L
5617293.126562,-211,L
5617300.329875,-212,L
5617307.059989,-213,L
5617313.239461,-214,L
5617319.212787,-215,L
5617324.901635,-216,L
5617330.309411,-217,L
5617335.33197,-218,L
5617340.049864,-219,L
5617344.504003,-220,L
5617348.722681,-221,L
5617352.755712,-222,L
5617356.712004,-223,L
5617360.430002,-224,L
5617364.106611,-225,L
5617367.598964,-226,L
5617371.03752,-227,L
5617374.451429,-228,L
5617377.841837,-229,L
5617381.262227,-230,L
5617384.775153,-231,L
5617388.318024,-232,L
5617392.058632,-233,L
5617395.850278,-234,L
5617400.050271,-235,L
5617404.705055,-236,L
5617410.036351,-237,L
5617416.211008,-238,L
5617423.686189,-239,L
5617433.827786,-240,L
5617446.46719,-241,L
5617460.49145,-242,L
5617478.435446,-243,L
5617501.345316,-244,L
5617537.479992,-245,L
5617556.392127,-246,L
5617579.60366,-247,L
5617605.125207,-248,L
5617623.683604,-249,L
5617636.994594,-250,L
5617648.724045,-251,L
5617661.300431,-252,L
5617676.515401,-253,L
5617691.856943,-254,L
5617703.690856,-255,L
5617712.631595,-256,L
5617719.803038,-257,L
5617725.956973,-258,L
5617731.469082,-259,L
5617736.505362,-260,L
5617741.242053,-261,L
5617745.78182,-262,L
5617750.227014,-263,L
5617754.642987,-264,L
5617759.014644,-265,L
5617763.325951,-266,L
5617767.539444,-267,L
5617771.64603,-268,L
5617775.689136,-269,L
5617779.65552,-270,L
5617783.542646,-271,L
5617787.354217,-272,L
5617791.085085,-273,L
5617794.753046,-274,L
5617798.379582,-275,L
5617802.078469,-276,L
5617805.874966,-277,L
5617809.743926,-278,L
5617813.839475,-279,L
5617818.29291,-280,L
5617823.399393,-281,L
5617829.554032,-282,L
5617838.037462,-283,L
5617852.698863,-284,L
5617900.973133,-285,L
5617916.608339,-286,L
5617928.16181,-287,L
5617939.232675,-288,L
5617950.677518,-289,L
5617963.632419,-290,L
5617981.265178,-291,L
5618005.126668,-292,L
5618030.226978,-293,L
5618063.95616,-294,L
5618091.632443,-295,L
5618108.883799,-296,L
5618121.851755,-297,L
5618131.612245,-298,L
5618139.957657,-299,L
5618147.365024,-300,L
5618154.004713,-301,L
5618160.096927,-302,L
5618165.737923,-303,L
5618171.02059,-304,L
5618176.116166,-305,L
5618181.073984,-306,L
5618185.910452,-307,L
5618190.679957,-308,L
5618195.318242,-309,L
5618199.863935,-310,L
5618204.315814,-311,L
5618208.644009,-312,L
5618212.84191,-313,L
5618216.881312,-314,L
5618220.724401,-315,L
5618224.437214,-316,L
5618228.051268,-317,L
5618231.558972,-318,L
5618235.033621,-319,L
5618238.506584,-320,L
5618242.02914,-321,L
5618245.659324,-322,L
5618249.455747,-323,L
5618253.45239,-324,L
5618257.734827,-325,L
5618262.373815,-326,L
5618267.755277,-327,L
5618274.702222,-328,L
5618286.675411,-329,L
5618328.320029,-330,L
5618345.00302,-331,L
5618357.298835,-332,L
5618367.768855,-333,L
5618376.986628,-334,L
5618385.714962,-335,L
5618394.287965,-336,L
5618402.799135,-337,L
5618412.088055,-338,L
5618435.678344,-339,L
5618506.077215,-340,L
5618541.071033,-341,L
5618556.712831,-342,L
5618569.498826,-343,L
5618579.474222,-344,L
5618587.935336,-345,L
5618595.338573,-346,L
5618601.794746,-347,L
5618607.558241,-348,L
5618612.730353,-349,L
5618617.446767,-350,L
5618621.78174,-351,L
5618625.848216,-352,L
5618629.69549,-353,L
5618633.384581,-354,L
5618636.981413,-355,L
5618640.51795,-356,L
5618643.975932,-357,L
5618647.424748,-358,L
5618650.862508,-359,L
5618654.28225,-360,L
5618657.647122,-361,L
5618660.931199,-362,L
5618664.119054,-363,L
5618667.220577,-364,L
5618670.247341,-365,L
5618673.225921,-366,L
5618676.158927,-367,L
5618679.042693,-368,L
5618681.9012,-369,L
5618684.737282,-370,L
5618687.579511,-371,L
5618690.425389,-372,L
5618693.279229,-373,L
5618696.167439,-374,L
5618699.075001,-375,L
5618702.025267,-376,L
5618705.024457,-377,L
5618708.102184,-378,L
5618711.268632,-379,L
5618714.555505,-380,L
5618718.011395,-381,L
5618721.670079,-382,L
5618725.57926,-383,L
5618729.804086,-384,L
5618734.3925,-385,L
5618739.450003,-386,L
5618745.089073,-387,L
5618751.510098,-388,L
5618758.824114,-389,L
5618766.649384,-390,L
5618774.200786,-391,L
5618781.268322,-392,L
5618787.990585,-393,L
5618794.520128,-394,L
5618800.982967,-395,L
5618807.549824,-396,L
5618814.55838,-397,L
5618822.74972,-398,L
5618833.865547,-399,L
5618853.157048,-400,L
5618898.558219,-401,L
5618955.686656,-402,L
5619015.988818,-403,L
5619040.172823,-404,L
5619056.434245,-405,L
5619068.066456,-406,L
5619078.2757,-407,L
5619088.421316,-408,L
5619099.068,-409,L
5619109.910645,-410,L
5619119.971354,-411,L
5619129.732178,-412,L
5619139.503038,-413,L
5619149.825596,-414,L
5619160.921739,-415,L
5619172.614171,-416,L
5619184.251475,-417,L
5619195.972518,-418,L
5619207.649544,-419,L
5619219.408402,-420,L
5619232.781039,-421,L
5619248.813481,-422,L
5619269.28834,-423,L
5619320.287286,-422,R
5619332.172031,-421,R
5619342.07639,-420,R
5619351.547161,-419,R
5619360.833859,-418,R
5619370.231279,-417,R
5619380.029935,-416,R
5619390.505955,-415,R
5619402.4332,-414,R
5619417.515893,-413,R
5619439.676531,-412,R
5619463.913516,-411,R
5619501.437418,-410,R
5619531.521806,-409,R
5619556.472507,-408,R
5619579.725003,-407,R
5619604.946627,-406,R
5619624.666827,-405,R
5619639.954685,-404,R
5619654.820473,-403,R
5619670.382587,-402,R
5619727.926519,-403,L
5619741.576728,-404,L
5619750.261692,-405,L
5619756.843215,-406,L
5619762.28451,-407,L
5619767.010775,-408,L
5619771.258971,-409,L
5619775.18193,-410,L
5619778.851651,-411,L
5619782.333392,-412,L
5619785.66706,-413,L
5619788.873897,-414,L
5619791.984161,-415,L
5619795.008833,-416,L
5619797.961542,-417,L
5619800.858364,-418,L
5619803.708241,-419,L
5619806.522767,-420,L
5619809.305275,-421,L
5619812.093375,-422,L
5619814.876105,-423,L
5619817.711187,-424,L
5619820.595434,-425,L
5619823.562718,-426,L
5619826.643296,-427,L
5619829.869188,-428,L
5619833.286986,-429,L
5619836.946355,-430,L
5619840.942591,-431,L
5619845.413932,-432,L
5619850.548767,-433,L
5619856.741499,-434,L
5619864.84521,-435,L
5619880.233955,-436,L
5619913.893657,-435,R
5619930.237337,-434,R
5619962.308019,-433,R
5620008.95588,-432,R
5620022.759013,-431,R
5620033.441623,-430,R
5620042.208512,-429,R
5620050.169669,-428,R
5620056.971042,-427,R
5620063.457381,-426,R
5620069.526466,-425,R
5620075.470107,-424,R
5620081.33436,-423,R
5620087.087837,-422,R
5620092.748944,-421,R
5620098.538124,-420,R
5620104.23436,-419,R
5620110.087484,-418,R
5620116.178994,-417,R
5620122.498465,-416,R
5620129.180542,-415,R
5620136.28206,-414,R
5620143.955424,-413,R
5620152.319596,-412,R
5620161.436963,-411,R
5620171.365229,-410,R
5620182.155412,-409,R
5620193.812808,-408,R
5620206.532192,-407,R
5620220.330566,-406,R
5620235.385759,-405,R
5620255.110904,-404,R
5620314.990478,-405,L
5620326.375673,-406,L
5620334.25872,-407,L
5620340.844207,-408,L
5620346.698941,-409,L
5620352.069977,-410,L
5620357.092628,-411,L
5620361.923059,-412,L
5620366.610454,-413,L
5620371.171851,-414,L
5620375.621026,-415,L
5620379.98624,-416,L
5620384.288028,-417,L
5620388.516668,-418,L
5620392.672125,-419,L
5620396.768156,-420,L
5620400.799817,-421,L
5620404.780127,-422,L
5620408.743993,-423,L
5620412.672155,-424,L
5620416.622484,-425,L
5620420.588498,-426,L
5620424.648696,-427,L
5620428.849115,-428,L
5620433.272846,-429,L
5620437.995797,-430,L
5620443.099447,-431,L
5620448.717054,-432,L
5620454.969155,-433,L
5620462.235745,-434,L
5620471.454741,-435,L
5620486.368381,-436,L
5620523.073088,-437,L
5620539.826819,-438,L
5620551.045608,-439,L
5620561.299556,-440,L
5620571.584504,-441,L
5620582.881922,-442,L
5620596.450446,-443,L
5620611.876117,-444,L
5620627.855338,-445,L
5620641.988616,-446,L
5620654.770185,-447,L
5620667.533736,-448,L
5620680.998539,-449,L
5620697.105259,-450,L
5620718.893178,-451,L
5620737.940089,-452,L
5620750.242571,-453,L
5620759.649398,-454,L
5620767.778646,-455,L
5620775.08268,-456,L
5620781.775258,-457,L
5620788.159802,-458,L
5620794.337663,-459,L
5620800.358174,-460,L
5620806.384981,-461,L
5620812.148605,-462,L
5620817.922174,-463,L
5620823.612448,-464,L
5620829.203093,-465,L
5620834.672257,-466,L
5620840.058238,-467,L
5620845.336905,-468,L
5620850.629349,-469,L
5620855.965922,-470,L
5620861.376866,-471,L
5620866.970159,-472,L
5620872.92017,-473,L
5620879.274789,-474,L
5620886.287048,-475,L
5620893.951486,-476,L
5620902.273232,-477,L
5620911.22449,-478,L
5620920.846963,-479,L
5620931.042578,-480,L
5620941.826372,-481,L
5620953.220845,-482,L
5620965.702047,-483,L
5620978.528653,-484,L
5620990.455657,-485,L
5621002.487383,-486,L
5621015.636319,-487,L
5621029.430803,-488,L
5621042.153244,-489,L
5621053.928398,-490,L
5621064.498953,-491,L
5621073.804689,-492,L
5621082.475653,-493,L
5621090.910435,-494,L
5621099.428771,-495,L
5621107.918571,-496,L
5621116.473963,-497,L
5621124.719043,-498,L
5621132.717662,-499,L
5621140.897373,-500,L
5621147.273046,-501,L
5621154.116345,-502,L
5621160.596999,-503,L
5621166.885674,-504,L
5621173.07322,-505,L
5621179.146878,-506,L
5621185.298906,-507,L
5621191.664654,-508,L
5621198.079272,-509,L
5621204.553204,-510,L
5621210.979599,-511,L
5621217.261903,-512,L
5621223.356802,-513,L
5621229.392572,-514,L
5621235.372009,-515,L
5621241.107634,-516,L
5621246.988869,-517,L
5621253.050342,-518,L
5621259.392053,-519,L
5621266.143001,-520,L
5621273.701329,-521,L
5621282.306609,-522,L
5621291.825083,-523,L
5621301.859922,-524,L
5621312.405515,-525,L
5621323.346233,-526,L
5621334.170582,-527,L
5621344.209125,-528,L
5621353.547823,-529,L
5621362.444804,-530,L
5621370.623181,-531,L
5621377.977177,-532,L
5621384.799957,-533,L
5621391.337963,-534,L
5621397.774525,-535,L
5621404.159754,-536,L
5621410.556353,-537,L
5621416.978305,-538,L
5621423.461014,-539,L
5621429.923298,-540,L
5621436.319879,-541,L
5621442.68259,-542,L
5621448.963765,-543,L
5621455.130441,-544,L
5621461.044082,-545,L
5621466.812929,-546,L
5621472.908254,-547,L
5621479.568962,-548,L
5621486.955014,-549,L
5621494.962078,-550,L
5621503.227398,-551,L
5621511.269166,-552,L
5621518.678199,-553,L
5621525.328129,-554,L
5621531.387176,-555,L
5621536.95247,-556,L
5621542.091953,-557,L
5621546.926698,-558,L
5621551.503039,-559,L
5621555.8969,-560,L
5621560.142652,-561,L
5621564.281516,-562,L
5621568.393547,-563,L
5621572.4983,-564,L
5621576.599312,-565,L
5621580.69514,-566,L
5621584.753727,-567,L
5621588.766148,-568,L
5621592.701939,-569,L
5621596.569954,-570,L
5621600.401896,-571,L
5621604.219615,-572,L
5621607.828781,-573,L
5621611.422021,-574,L
5621615.000835,-575,L
5621618.477372,-576,L
5621621.929151,-577,L
5621625.355763,-578,L
5621628.788986,-579,L
5621632.241043,-580,L
5621635.673414,-581,L
5621639.050249,-582,L
5621642.503305,-583,L
5621645.986343,-584,L
5621649.526157,-585,L
5621653.111471,-586,L
5621656.819395,-587,L
5621660.661411,-588,L
5621664.732534,-589,L
5621669.114118,-590,L
5621674.037363,-591,L
5621679.652526,-592,L
5621686.403622,-593,L
5621694.442019,-594,L
5621704.08488,-595,L
5621715.484594,-596,L
5621728.718603,-597,L
5621742.418107,-598,L
5621755.314712,-599,L
5621765.350885,-600,L
5621774.004572,-601,L
5621781.873526,-602,L
5621789.182042,-603,L
5621796.169172,-604,L
5621802.644882,-605,L
5621808.945945,-606,L
5621814.954456,-607,L
5621820.835635,-608,L
5621826.820461,-609,L
5621833.035581,-610,L
5621839.515068,-611,L
5621846.546587,-612,L
5621854.952665,-613,L
5621865.495018,-614,L
5621878.416771,-615,L
5621891.93824,-616,L
5621904.584236,-617,L
5621915.94295,-618,L
5621926.001141,-619,L
5621934.644735,-620,L
5621942.387191,-621,L
5621949.331877,-622,L
5621955.739366,-623,L
5621961.760006,-624,L
5621967.489131,-625,L
5621973.012073,-626,L
5621978.315628,-627,L
5621983.520037,-628,L
5621988.642779,-629,L
5621993.750188,-630,L
5621998.807783,-631,L
5622003.797324,-632,L
5622008.704679,-633,L
5622013.587739,-634,L
5622018.494354,-635,L
5622023.455469,-636,L
5622028.42838,-637,L
5622033.407531,-638,L
5622038.35472,-639,L
5622043.262539,-640,L
5622048.096784,-641,L
5622052.936993,-642,L
5622057.809978,-643,L
5622062.896517,-644,L
5622068.586384,-645,L
5622075.453737,-646,L
5622084.762991,-647,L
5622097.074529,-648,L
5622108.811405,-649,L
5622119.008261,-650,L
5622128.639753,-651,L
5622138.38865,-652,L
5622148.489951,-653,L
5622158.53405,-654,L
5622168.25691,-655,L
5622177.109206,-656,L
5622185.758375,-657,L
5622194.757095,-658,L
5622204.417438,-659,L
5622214.650886,-660,L
5622224.459635,-661,L
5622233.82261,-662,L
5622241.763323,-663,L
5622249.511223,-664,L
5622256.939367,-665,L
5622264.386197,-666,L
5622271.400475,-667,L
5622278.84873,-668,L
5622286.702999,-669,L
5622294.695045,-670,L
5622302.139281,-671,L
5622309.076986,-672,L
5622315.598677,-673,L
5622321.810723,-674,L
5622327.982528,-675,L
5622334.62257,-676,L
5622340.972966,-677,L
5622347.888153,-678,L
5622354.93719,-679,L
5622362.052393,-680,L
5622369.175447,-681,L
5622376.110838,-682,L
5622382.735212,-683,L
5622389.140867,-684,L
5622395.322913,-685,L
5622401.37285,-686,L
5622407.224511,-687,L
5622412.851433,-688,L
5622418.225654,-689,L
5622423.42884,-690,L
5622428.539842,-691,L
5622433.517753,-692,L
5622438.412887,-693,L
5622443.278817,-694,L
5622448.166617,-695,L
5622453.160472,-696,L
5622458.592712,-697,L
5622464.9597,-698,L
5622472.990505,-699,L
5622483.336229,-700,L
5622494.929256,-701,L
5622506.330377,-702,L
5622517.911088,-703,L
5622530.129738,-704,L
5622540.969791,-705,L
5622551.842658,-706,L
5622563.571553,-707,L
5622576.360771,-708,L
5622592.755654,-709,L
5622607.916513,-710,L
5622620.949191,-711,L
5622633.063027,-712,L
5622644.558462,-713,L
5622656.052193,-714,L
5622667.91179,-715,L
5622679.792962,-716,L
5622690.561386,-717,L
5622699.90301,-718,L
5622708.512808,-719,L
5622716.81498,-720,L
5622725.027524,-721,L
5622733.488527,-722,L
5622742.304694,-723,L
5622751.336451,-724,L
5622760.865629,-725,L
5622771.106947,-726,L
5622782.474976,-727,L
5622794.887067,-728,L
5622809.062567,-729,L
5622823.37175,-730,L
5622836.274781,-731,L
5622848.247359,-732,L
5622861.173723,-733,L
5622873.808738,-734,L
5622884.390164,-735,L
5622894.328504,-736,L
5622904.257844,-737,L
5622913.47434,-738,L
5622922.913074,-739,L
5622933.464278,-740,L
5622947.804739,-741,L
5622965.183908,-742,L
5622981.299072,-743,L
5622996.45882,-744,L
5623014.504334,-745,L
5623059.171772,-746,L
5623096.198791,-747,L
5623114.054918,-748,L
5623127.30339,-749,L
5623139.014508,-750,L
5623150.441499,-751,L
5623162.907497,-752,L
5623183.177636,-753,L
5623220.258339,-754,L
5623237.737489,-755,L
5623250.432615,-756,L
5623261.12841,-757,L
5623271.072157,-758,L
5623281.046201,-759,L
5623291.147447,-760,L
5623301.289562,-761,L
5623310.575168,-762,L
5623319.379983,-763,L
5623327.76371,-764,L
5623335.823051,-765,L
5623343.812745,-766,L
5623351.712866,-767,L
5623359.423785,-768,L
5623366.977946,-769,L
5623374.371628,-770,L
5623381.761995,-771,L
5623389.704744,-772,L
5623398.946814,-773,L
5623410.291899,-774,L
5623424.117642,-775,L
5623439.24915,-776,L
5623452.435159,-777,L
5623463.455303,-778,L
5623473.225867,-779,L
5623482.191236,-780,L
5623490.716202,-781,L
5623498.952245,-782,L
5623506.983272,-783,L
5623515.249963,-784,L
5623524.332608,-785,L
5623534.832109,-786,L
5623547.08448,-787,L
5623561.11887,-788,L
5623574.482859,-789,L
5623585.436948,-790,L
5623594.533963,-791,L
5623602.141457,-792,L
5623608.562557,-793,L
5623614.273534,-794,L
5623619.495923,-795,L
5623624.381464,-796,L
5623629.035379,-797,L
5623633.574442,-798,L
5623638.06971,-799,L
5623642.595662,-800,L
5623647.211428,-801,L
5623651.92149,-802,L
5623656.747662,-803,L
5623661.668184,-804,L
5623666.679279,-805,L
5623671.793263,-806,L
5623676.951468,-807,L
5623682.18882,-808,L
5623687.560764,-809,L
5623693.052169,-810,L
5623698.621425,-811,L
5623704.436883,-812,L
5623710.634207,-813,L
5623717.422024,-814,L
5623724.815372,-815,L
5623732.706901,-816,L
5623740.857574,-817,L
5623749.050877,-818,L
5623757.221014,-819,L
5623765.260762,-820,L
5623773.392251,-821,L
5623781.810459,-822,L
5623790.541552,-823,L
5623799.492199,-824,L
5623808.403031,-825,L
5623817.112403,-826,L
5623825.773034,-827,L
5623834.276315,-828,L
5623842.685079,-829,L
5623850.586866,-830,L
5623858.186453,-831,L
5623865.471043,-832,L
5623872.478007,-833,L
5623878.950216,-834,L
5623885.294298,-835,L
5623891.429882,-836,L
5623897.442522,-837,L
5623903.580513,-838,L
5623910.01026,-839,L
5623916.794282,-840,L
5623923.707283,-841,L
5623930.859616,-842,L
5623937.41675,-843,L
5623943.889275,-844,L
5623949.97347,-845,L
5623955.651633,-846,L
5623960.952448,-847,L
5623965.955617,-848,L
5623970.798233,-849,L
5623975.590257,-850,L
5623980.349929,-851,L
5623985.089305,-852,L
5623989.866459,-853,L
5623994.729667,-854,L
5623999.653319,-855,L
5624004.548749,-856,L
5624009.591807,-857,L
5624014.419997,-858,L
5624019.26878,-859,L
5624024.152562,-860,L
5624029.014696,-861,L
5624033.82696,-862,L
5624038.592447,-863,L
5624043.328582,-864,L
5624048.106106,-865,L
5624052.928556,-866,L
5624057.79293,-867,L
5624062.738156,-868,L
5624067.766807,-869,L
5624072.803847,-870,L
5624077.860423,-871,L
5624082.935685,-872,L
5624088.079686,-873,L
5624093.286465,-874,L
5624098.580835,-875,L
5624103.991723,-876,L
5624109.50285,-877,L
5624115.11868,-878,L
5624120.904249,-879,L
5624126.816002,-880,L
5624132.694384,-881,L
5624138.443491,-882,L
5624144.035691,-883,L
5624149.51043,-884,L
5624154.903114,-885,L
5624160.173725,-886,L
5624165.371949,-887,L
5624170.567375,-888,L
5624175.841339,-889,L
5624181.200356,-890,L
5624186.628207,-891,L
5624192.217593,-892,L
5624198.057087,-893,L
5624204.154745,-894,L
5624210.552752,-895,L
5624217.283588,-896,L
5624224.488883,-897,L
5624232.429263,-898,L
5624241.29767,-899,L
5624251.373527,-900,L
5624263.093737,-901,L
5624275.700234,-902,L
5624288.299898,-903,L
5624300.202699,-904,L
5624310.410944,-905,L
5624319.353609,-906,L
5624327.353266,-907,L
5624334.675226,-908,L
5624341.525339,-909,L
5624348.149677,-910,L
5624354.527962,-911,L
5624360.730971,-912,L
5624366.834332,-913,L
5624372.587309,-914,L
5624378.555098,-915,L
5624385.580358,-916,L
5624394.872927,-917,L
5624408.725022,-918,L
5624426.955034,-919,L
5624442.499297,-920,L
5624455.413772,-921,L
5624465.138059,-922,L
5624473.125753,-923,L
5624480.400454,-924,L
5624487.354992,-925,L
5624494.130847,-926,L
5624500.686038,-927,L
5624507.050211,-928,L
5624513.201165,-929,L
5624519.134011,-930,L
5624524.80871,-931,L
5624530.317319,-932,L
5624535.621745,-933,L
5624540.832431,-934,L
5624545.8701,-935,L
5624550.743234,-936,L
5624555.406093,-937,L
5624559.907471,-938,L
5624564.30724,-939,L
5624568.581084,-940,L
5624572.783243,-941,L
5624576.985607,-942,L
5624581.31332,-943,L
5624585.698108,-944,L
5624590.13495,-945,L
5624594.58807,-946,L
5624598.995005,-947,L
5624603.402181,-948,L
5624607.766487,-949,L
5624612.089034,-950,L
5624616.352656,-951,L
5624620.602278,-952,L
5624624.904437,-953,L
5624629.242762,-954,L
5624633.611716,-955,L
5624638.006355,-956,L
5624642.318439,-957,L
5624646.63132,-958,L
5624650.949848,-959,L
5624655.276266,-960,L
5624659.632591,-961,L
5624664.053914,-962,L
5624668.505442,-963,L
5624672.936155,-964,L
5624677.313053,-965,L
5624681.6176,-966,L
5624685.841704,-967,L
5624689.983438,-968,L
5624694.030563,-969,L
5624697.987503,-970,L
5624701.851777,-971,L
5624705.684199,-972,L
5624709.457289,-973,L
5624713.234528,-974,L
5624717.011284,-975,L
5624720.792559,-976,L
5624724.640649,-977,L
5624728.524997,-978,L
5624732.493492,-979,L
5624736.531931,-980,L
5624740.692702,-981,L
5624744.989231,-982,L
5624749.3955,-983,L
5624753.831601,-984,L
5624758.27274,-985,L
5624762.67786,-986,L
5624767.10298,-987,L
5624771.756487,-988,L
5624776.794582,-989,L
5624782.254025,-990,L
5624788.208296,-991,L
5624794.725894,-992,L
5624801.97417,-993,L
5624809.842624,-994,L
5624817.908465,-995,L
5624825.928085,-996,L
5624833.397525,-997,L
5624840.164361,-998,L
5624846.309834,-999,L
5624852.05957,-1000,L
5624857.526938,-1001,L
5624863.030399,-1002,L
5624868.578192,-1003,L
5624874.14843,-1004,L
5624879.751575,-1005,L
5624885.294758,-1006,L
5624890.739497,-1007,L
5624895.977016,-1008,L
5624900.999907,-1009,L
5624905.745413,-1010,L
5624910.25031,-1011,L
5624914.487766,-1012,L
5624918.480557,-1013,L
5624922.334369,-1014,L
5624925.956645,-1015,L
5624929.527571,-1016,L
5624933.033664,-1017,L
5624936.572349,-1018,L
5624940.180033,-1019,L
5624943.769143,-1020,L
5624947.330643,-1021,L
5624951.112048,-1022,L
5624954.683714,-1023,L
5624958.344231,-1024,L
5624962.149006,-1025,L
5624965.849893,-1026,L
5624969.406967,-1027,L
5624973.012096,-1028,L
5624976.63365,-1029,L
5624980.25552,-1030,L
5624983.862519,-1031,L
5624987.496481,-1032,L
5624991.180775,-1033,L
5624994.916643,-1034,L
5624998.692752,-1035,L
5625002.429805,-1036,L
5625006.192081,-1037,L
5625009.926245,-1038,L
5625013.696872,-1039,L
5625017.503536,-1040,L
5625021.232571,-1041,L
5625024.891254,-1042,L
5625028.617715,-1043,L
5625032.211196,-1044,L
5625035.76564,-1045,L
5625039.253807,-1046,L
5625042.65792,-1047,L
5625046.013773,-1048,L
5625049.296832,-1049,L
5625052.572686,-1050,L
5625055.830411,-1051,L
5625059.059229,-1052,L
5625062.306325,-1053,L
5625065.463014,-1054,L
5625068.631203,-1055,L
5625071.78878,-1056,L
5625074.952395,-1057,L
5625078.13251,-1058,L
5625081.326606,-1059,L
5625084.526813,-1060,L
5625087.735502,-1061,L
5625090.955246,-1062,L
5625094.162175,-1063,L
5625097.431011,-1064,L
5625100.683199,-1065,L
5625103.979016,-1066,L
5625107.349759,-1067,L
5625110.848944,-1068,L
5625114.645793,-1069,L
5625118.763343,-1070,L
5625123.254758,-1071,L
5625128.214669,-1072,L
5625133.719,-1073,L
5625139.770678,-1074,L
5625146.340127,-1075,L
5625153.348239,-1076,L
5625160.608162,-1077,L
5625167.9399,-1078,L
5625175.192639,-1079,L
5625182.28512,-1080,L
5625189.020197,-1081,L
5625195.382557,-1082,L
5625201.448363,-1083,L
5625207.277506,-1084,L
5625212.820133,-1085,L
5625218.050763,-1086,L
5625223.022248,-1087,L
5625227.75168,-1088,L
5625232.325687,-1089,L
5625236.72727,-1090,L
5625240.978985,-1091,L
5625245.084812,-1092,L
5625249.043863,-1093,L
5625252.847379,-1094,L
5625256.529118,-1095,L
5625260.10958,-1096,L
5625263.572229,-1097,L
5625266.957583,-1098,L
5625270.250715,-1099,L
5625273.482588,-1100,L
5625276.656425,-1101,L
5625279.801281,-1102,L
5625282.940137,-1103,L
5625286.109511,-1104,L
5625289.338144,-1105,L
5625292.621498,-1106,L
5625295.964389,-1107,L
5625299.368964,-1108,L
5625302.846595,-1109,L
5625306.37752,-1110,L
5625309.958483,-1111,L
5625313.602463,-1112,L
5625317.302591,-1113,L
5625321.080736,-1114,L
5625324.917826,-1115,L
5625328.8171,-1116,L
5625332.779447,-1117,L
5625336.78446,-1118,L
5625340.862955,-1119,L
5625344.985096,-1120,L
5625349.178867,-1121,L
5625353.435915,-1122,L
5625357.753055,-1123,L
5625362.078213,-1124,L
5625366.351131,-1125,L
5625370.547754,-1126,L
5625374.672303,-1127,L
5625378.733668,-1128,L
5625382.741348,-1129,L
5625386.712955,-1130,L
5625390.666598,-1131,L
5625394.574742,-1132,L
5625398.473887,-1133,L
5625402.360549,-1134,L
5625406.244564,-1135,L
5625410.132412,-1136,L
5625414.036908,-1137,L
5625417.937478,-1138,L
5625421.828845,-1139,L
5625425.706045,-1140,L
5625429.548208,-1141,L
5625433.395279,-1142,L
5625437.242646,-1143,L
5625441.111902,-1144,L
5625445.017731,-1145,L
5625448.995504,-1146,L
5625453.022851,-1147,L
5625457.082549,-1148,L
5625461.162969,-1149,L
5625465.265296,-1150,L
5625469.367346,-1151,L
5625473.449544,-1152,L
5625477.533612,-1153,L
5625481.912584,-1154,L
5625486.503258,-1155,L
5625491.41704,-1156,L
5625496.963704,-1157,L
5625503.314841,-1158,L
5625511.067815,-1159,L
5625520.58766,-1160,L
5625531.975318,-1161,L
5625543.228311,-1162,L
5625553.406111,-1163,L
5625561.753839,-1164,L
5625569.155705,-1165,L
5625575.975726,-1166,L
5625582.22205,-1167,L
5625587.896897,-1168,L
5625593.136824,-1169,L
5625598.030254,-1170,L
5625602.65452,-1171,L
5625607.086437,-1172,L
5625611.325522,-1173,L
5625615.431682,-1174,L
5625619.35366,-1175,L
5625623.15812,-1176,L
5625626.855303,-1177,L
5625630.445988,-1178,L
5625633.959821,-1179,L
5625637.563746,-1180,L
5625640.849804,-1181,L
5625644.296472,-1182,L
5625647.793991,-1183,L
5625651.281936,-1184,L
5625654.821565,-1185,L
5625658.391583,-1186,L
5625662.065341,-1187,L
5625665.832523,-1188,L
5625669.69452,-1189,L
5625673.669997,-1190,L
5625677.778657,-1191,L
5625682.041131,-1192,L
5625686.372937,-1193,L
5625690.787354,-1194,L
5625695.220826,-1195,L
5625699.656687,-1196,L
5625704.088492,-1197,L
5625708.53889,-1198,L
5625712.989584,-1199,L
5625717.457222,-1200,L
5625721.956582,-1201,L
5625726.512423,-1202,L
5625731.076524,-1203,L
5625735.595735,-1204,L
5625740.059392,-1205,L
5625744.440883,-1206,L
5625748.755468,-1207,L
5625752.975442,-1208,L
5625757.103861,-1209,L
5625761.162967,-1210,L
5625765.181517,-1211,L
5625769.179883,-1212,L
5625773.234896,-1213,L
5625777.17604,-1214,L
5625781.237164,-1215,L
5625785.340491,-1216,L
5625789.522558,-1217,L
5625793.766939,-1218,L
5625798.11119,-1219,L
5625802.580217,-1220,L
5625807.156151,-1221,L
5625811.835583,-1222,L
5625816.5922,-1223,L
5625821.420205,-1224,L
5625826.324283,-1225,L
5625831.331008,-1226,L
5625836.716062,-1227,L
5625843.001404,-1228,L
5625851.292372,-1229,L
5625863.629484,-1230,L
5625881.198466,-1231,L
5625897.50222,-1232,L
5625909.030877,-1233,L
5625917.68099,-1234,L
5625925.027987,-1235,L
5625931.710232,-1236,L
5625937.947814,-1237,L
5625943.889937,-1238,L
5625949.63221,-1239,L
5625955.207818,-1240,L
5625960.56604,-1241,L
5625965.669764,-1242,L
5625970.462251,-1243,L
5625974.997518,-1244,L
5625979.306343,-1245,L
5625983.418707,-1246,L
5625987.353407,-1247,L
5625991.139552,-1248,L
5625994.785273,-1249,L
5625998.292384,-1250,L
5626001.675775,-1251,L
5626004.930741,-1252,L
5626008.131651,-1253,L
5626011.220175,-1254,L
5626014.23731,-1255,L
5626017.249704,-1256,L
5626020.278209,-1257,L
5626023.334381,-1258,L
5626026.470663,-1259,L
5626029.562389,-1260,L
5626032.800448,-1261,L
5626036.057543,-1262,L
5626039.389842,-1263,L
5626042.828954,-1264,L
5626046.428268,-1265,L
5626050.118988,-1266,L
5626053.90656,-1267,L
5626057.793685,-1268,L
5626061.875772,-1269,L
5626065.962266,-1270,L
5626070.076982,-1271,L
5626074.323882,-1272,L
5626078.631374,-1273,L
5626082.917162,-1274,L
5626087.270802,-1275,L
5626091.663904,-1276,L
5626096.239411,-1277,L
5626100.659884,-1278,L
5626104.947264,-1279,L
5626109.095147,-1280,L
5626113.339343,-1281,L
5626117.513299,-1282,L
5626121.625163,-1283,L
5626125.682991,-1284,L
5626129.692893,-1285,L
5626133.659907,-1286,L
5626137.588736,-1287,L
5626141.54301,-1288,L
5626145.492616,-1289,L
5626149.493963,-1290,L
5626153.553847,-1291,L
5626157.713784,-1292,L
5626162.01235,-1293,L
5626166.33462,-1294,L
5626170.761796,-1295,L
5626175.295878,-1296,L
5626179.996773,-1297,L
5626184.850074,-1298,L
5626189.872002,-1299,L
5626195.036504,-1300,L
5626200.411206,-1301,L
5626205.792983,-1302,L
5626211.298055,-1303,L
5626216.935514,-1304,L
5626222.728342,-1305,L
5626228.920444,-1306,L
5626235.2666,-1307,L
5626242.236082,-1308,L
5626249.826891,-1309,L
5626257.95838,-1310,L
5626266.675733,-1311,L
5626275.525103,-1312,L
5626283.896034,-1313,L
5626291.425399,-1314,L
5626298.241901,-1315,L
5626304.582409,-1316,L
5626310.55542,-1317,L
5626316.277823,-1318,L
5626321.764932,-1319,L
5626327.096524,-1320,L
5626332.301247,-1321,L
5626337.399824,-1322,L
5626342.438382,-1323,L
5626347.468403,-1324,L
5626352.560998,-1325,L
5626357.77785,-1326,L
5626363.161479,-1327,L
5626368.851919,-1328,L
5626375.02491,-1329,L
5626381.817228,-1330,L
5626389.832588,-1331,L
5626400.242478,-1332,L
5626419.587035,-1333,L
5626574.686221,-1332,R
5626700.886378,-1333,L
5626739.23466,-1334,L
5626759.342708,-1335,L
5626774.55753,-1336,L
5626787.396136,-1337,L
5626798.899108,-1338,L
5626809.784753,-1339,L
5626820.431382,-1340,L
5626831.282009,-1341,L
5626842.574686,-1342,L
5626854.558338,-1343,L
5626866.673674,-1344,L
5626877.785168,-1345,L
5626887.775971,-1346,L
5626896.959967,-1347,L
5626905.316398,-1348,L
5626913.077909,-1349,L
5626920.2895,-1350,L
5626926.963004,-1351,L
5626933.178976,-1352,L
5626939.101339,-1353,L
5626944.849742,-1354,L
5626950.543645,-1355,L
5626956.221345,-1356,L
5626961.932507,-1357,L
5626967.750483,-1358,L
5626973.740828,-1359,L
5626979.852745,-1360,L
5626985.989458,-1361,L
5626992.139986,-1362,L
5626998.278792,-1363,L
5627004.418376,-1364,L
5627010.54446,-1365,L
5627016.795616,-1366,L
5627023.207938,-1367,L
5627029.916627,-1368,L
5627037.237143,-1369,L
5627044.937525,-1370,L
5627053.85032,-1371,L
5627063.739475,-1372,L
5627075.489408,-1373,L
5627092.151603,-1374,L
5627242.986279,-1375,L
5627267.245876,-1376,L
5627286.158103,-1377,L
5627302.166028,-1378,L
5627315.208483,-1379,L
5627326.468902,-1380,L
5627337.274715,-1381,L
5627348.307747,-1382,L
5627360.386898,-1383,L
5627374.42101,-1384,L
5627389.927514,-1385,L
5627405.724755,-1386,L
5627420.513452,-1387,L
5627433.891774,-1388,L
5627446.099443,-1389,L
5627457.179067,-1390,L
5627467.593791,-1391,L
5627477.72687,-1392,L
5627487.69921,-1393,L
5627497.693364,-1394,L
5627508.317197,-1395,L
5627520.559309,-1396,L
5627535.839945,-1397,L
5627554.850171,-1398,L
5627576.608517,-1399,L
5627598.140143,-1400,L
5627619.117923,-1401,L
5627638.230166,-1402,L
5627654.927676,-1403,L
5627670.578086,-1404,L
5627686.023461,-1405,L
5627714.230258,-1406,L
5627729.610541,-1407,L
5627750.401137,-1408,L
5627782.951814,-1409,L
5627805.217617,-1410,L
5627820.299514,-1411,L
5627833.790188,-1412,L
5627847.0659,-1413,L
5627861.237788,-1414,L
5627877.518673,-1415,L
5627893.734132,-1416,L
5627907.155066,-1417,L
5627917.423273,-1418,L
5627925.658908,-1419,L
5627932.723427,-1420,L
5627939.12536,-1421,L
5627945.038409,-1422,L
5627950.582406,-1423,L
5627955.884758,-1424,L
5627961.02063,-1425,L
5627966.05454,-1426,L
5627971.052543,-1427,L
5627976.116601,-1428,L
5627981.076679,-1429,L
5627986.169181,-1430,L
5627991.298442,-1431,L
5627996.425092,-1432,L
5628001.541149,-1433,L
5628006.652318,-1434,L
5628011.759394,-1435,L
5628016.867192,-1436,L
5628022.013786,-1437,L
5628027.289675,-1438,L
5628032.789451,-1439,L
5628038.582112,-1440,L
5628044.730233,-1441,L
5628051.321534,-1442,L
5628058.506051,-1443,L
5628066.327006,-1444,L
5628074.565179,-1445,L
5628082.498984,-1446,L
5628089.987165,-1447,L
5628097.108072,-1448,L
5628103.824631,-1449,L
5628110.176768,-1450,L
5628116.168983,-1451,L
5628121.861645,-1452,L
5628127.288125,-1453,L
5628132.483571,-1454,L
5628137.476852,-1455,L
5628142.313597,-1456,L
5628147.015603,-1457,L
5628151.598629,-1458,L
5628156.108119,-1459,L
5628160.546702,-1460,L
5628164.971415,-1461,L
5628169.408183,-1462,L
5628173.895932,-1463,L
5628178.445903,-1464,L
5628183.049558,-1465,L
5628187.730324,-1466,L
5628192.515607,-1467,L
5628197.430426,-1468,L
5628202.453947,-1469,L
5628207.603708,-1470,L
5628212.890579,-1471,L
5628218.318985,-1472,L
5628224.094017,-1473,L
5628230.491042,-1474,L
5628237.793688,-1475,L
5628246.403042,-1476,L
5628256.740415,-1477,L
5628269.252617,-1478,L
5628282.416238,-1479,L
5628294.570277,-1480,L
5628304.870706,-1481,L
5628313.723187,-1482,L
5628321.753565,-1483,L
5628329.396319,-1484,L
5628336.57228,-1485,L
5628343.143526,-1486,L
5628349.357628,-1487,L
5628355.374305,-1488,L
5628361.359779,-1489,L
5628367.208662,-1490,L
5628372.703382,-1491,L
5628378.369804,-1492,L
5628384.103226,-1493,L
5628389.929646,-1494,L
5628395.803084,-1495,L
5628401.85891,-1496,L
5628408.16751,-1497,L
5628414.839107,-1498,L
5628422.01442,-1499,L
5628430.025262,-1500,L
5628439.299424,-1501,L
5628447.991944,-1502,L
5628457.947228,-1503,L
5628468.531525,-1504,L
5628479.819999,-1505,L
5628491.366359,-1506,L
5628502.687944,-1507,L
5628513.625774,-1508,L
5628524.551066,-1509,L
5628535.750356,-1510,L
5628546.674056,-1511,L
5628556.739284,-1512,L
5628565.941262,-1513,L
5628574.575356,-1514,L
5628582.531236,-1515,L
5628589.738401,-1516,L
5628596.25174,-1517,L
5628602.298306,-1518,L
5628608.050412,-1519,L
5628613.47367,-1520,L
5628618.609024,-1521,L
5628623.497787,-1522,L
5628628.228626,-1523,L
5628632.778727,-1524,L
5628637.161273,-1525,L
5628641.40984,-1526,L
5628645.524334,-1527,L
5628649.502829,-1528,L
5628653.435566,-1529,L
5628657.301321,-1530,L
5628661.132059,-1531,L
5628664.959722,-1532,L
5628668.845533,-1533,L
5628672.898139,-1534,L
5628677.180094,-1535,L
5628681.814749,-1536,L
5628686.847715,-1537,L
5628692.216288,-1538,L
5628697.7871,-1539,L
5628703.609187,-1540,L
5628709.615439,-1541,L
5628715.685431,-1542,L
5628721.793496,-1543,L
5628727.888284,-1544,L
5628733.952461,-1545,L
5628739.980176,-1546,L
5628746.070723,-1547,L
5628752.314454,-1548,L
5628758.996087,-1549,L
5628766.383325,-1550,L
5628774.520961,-1551,L
5628783.331054,-1552,L
5628792.487032,-1553,L
5628802.409539,-1554,L
5628814.152157,-1555,L
5628827.277945,-1556,L
5628840.376215,-1557,L
5628853.0891,-1558,L
5628865.372989,-1559,L
5628877.226106,-1560,L
5628888.547579,-1561,L
5628899.151339,-1562,L
5628909.494545,-1563,L
5628919.742845,-1564,L
5628930.665674,-1565,L
5628942.338348,-1566,L
5628954.918457,-1567,L
5628967.70586,-1568,L
5628979.928768,-1569,L
5628991.208335,-1570,L
5629001.403376,-1571,L
5629010.548225,-1572,L
5629019.515594,-1573,L
5629028.660294,-1574,L
5629038.224194,-1575,L
5629048.20333,-1576,L
5629059.006216,-1577,L
5629070.842222,-1578,L
5629083.930677,-1579,L
5629099.130888,-1580,L
5629118.012393,-1581,L
5629145.956693,-1582,L
5629269.702042,-1581,R
5629289.553334,-1580,R
5629304.0387,-1579,R
5629318.232959,-1578,R
5629333.531317,-1577,R
5629358.033115,-1576,R
5629412.314842,-1577,L
5629520.218691,-1578,L
5629534.900703,-1579,L
5629545.312131,-1580,L
5629553.804875,-1581,L
5629561.313963,-1582,L
5629567.984189,-1583,L
5629574.096236,-1584,L
5629579.785528,-1585,L
5629585.11525,-1586,L
5629590.139272,-1587,L
5629594.888148,-1588,L
5629599.422563,-1589,L
5629603.754333,-1590,L
5629607.920844,-1591,L
5629611.935376,-1592,L
5629615.82315,-1593,L
5629619.624444,-1594,L
5629623.351368,-1595,L
5629627.04394,-1596,L
5629630.734438,-1597,L
5629634.427862,-1598,L
5629638.15912,-1599,L
5629641.925691,-1600,L
5629645.755558,-1601,L
5629649.65961,-1602,L
5629653.635198,-1603,L
5629657.710563,-1604,L
5629661.919296,-1605,L
5629666.22864,-1606,L
5629670.692112,-1607,L
5629675.283656,-1608,L
5629680.050939,-1609,L
5629684.999202,-1610,L
5629690.262351,-1611,L
5629695.852348,-1612,L
5629701.810748,-1613,L
5629708.246403,-1614,L
5629715.331995,-1615,L
5629723.245671,-1616,L
5629732.237244,-1617,L
5629742.624301,-1618,L
5629754.329327,-1619,L
5629766.964583,-1620,L
5629779.598598,-1621,L
5629791.34766,-1622,L
5629801.697107,-1623,L
5629811.103953,-1624,L
5629819.875454,-1625,L
5629828.124089,-1626,L
5629835.946711,-1627,L
5629843.31667,-1628,L
5629850.200598,-1629,L
5629856.626679,-1630,L
5629862.659282,-1631,L
5629868.40387,-1632,L
5629873.940571,-1633,L
5629879.286645,-1634,L
5629884.514349,-1635,L
5629889.650795,-1636,L
5629894.750871,-1637,L
5629899.86341,-1638,L
5629905.103467,-1639,L
5629910.408374,-1640,L
5629915.958945,-1641,L
5629921.916494,-1642,L
5629928.239631,-1643,L
5629935.045412,-1644,L
5629942.376205,-1645,L
5629950.400362,-1646,L
5629959.09803,-1647,L
5629968.49032,-1648,L
5629978.487845,-1649,L
5629988.580516,-1650,L
5629997.635125,-1651,L
5630005.516487,-1652,L
5630012.730485,-1653,L
5630019.647098,-1654,L
5630026.445712,-1655,L
5630033.265529,-1656,L
5630040.196067,-1657,L
5630047.423769,-1658,L
5630054.964024,-1659,L
5630062.87607,-1660,L
5630071.011614,-1661,L
5630079.380693,-1662,L
5630087.88916,-1663,L
5630096.381385,-1664,L
5630104.476856,-1665,L
5630112.27433,-1666,L
5630119.750881,-1667,L
5630127.060767,-1668,L
5630134.240525,-1669,L
5630141.280914,-1670,L
5630148.213415,-1671,L
5630154.887382,-1672,L
5630161.264038,-1673,L
5630167.322159,-1674,L
5630173.050396,-1675,L
5630178.43858,-1676,L
5630183.562044,-1677,L
5630188.487141,-1678,L
5630193.259758,-1679,L
5630197.928505,-1680,L
5630202.55003,-1681,L
5630207.18826,-1682,L
5630211.869396,-1683,L
5630216.610642,-1684,L
5630221.451425,-1685,L
5630226.462705,-1686,L
5630231.664725,-1687,L
5630237.059298,-1688,L
5630242.650795,-1689,L
5630248.508067,-1690,L
5630254.601614,-1691,L
5630260.8964,-1692,L
5630267.325851,-1693,L
5630273.875134,-1694,L
5630280.680025,-1695,L
5630287.560249,-1696,L
5630294.298475,-1697,L
5630300.714648,-1698,L
5630306.774752,-1699,L
5630312.472581,-1700,L
5630317.862246,-1701,L
5630323.027192,-1702,L
5630328.051028,-1703,L
5630332.929384,-1704,L
5630337.740741,-1705,L
5630342.512265,-1706,L
5630347.292919,-1707,L
5630352.099665,-1708,L
5630356.987817,-1709,L
5630361.960024,-1710,L
5630367.009916,-1711,L
5630372.203361,-1712,L
5630377.567453,-1713,L
5630383.225246,-1714,L
5630389.222423,-1715,L
5630395.697263,-1716,L
5630402.924057,-1717,L
5630411.330969,-1718,L
5630421.800544,-1719,L
5630434.532041,-1720,L
5630447.847642,-1721,L
5630459.539463,-1722,L
5630469.642598,-1723,L
5630478.793002,-1724,L
5630487.292802,-1725,L
5630495.380995,-1726,L
5630503.068081,-1727,L
5630510.600613,-1728,L
5630517.996183,-1729,L
5630525.370365,-1730,L
5630532.557493,-1731,L
5630539.450921,-1732,L
5630546.221165,-1733,L
5630552.392563,-1734,L
5630558.415889,-1735,L
5630564.20605,-1736,L
5630569.664363,-1737,L
5630574.871216,-1738,L
5630579.80422,-1739,L
5630584.456356,-1740,L
5630588.901421,-1741,L
5630593.126858,-1742,L
5630597.188001,-1743,L
5630601.093997,-1744,L
5630604.868735,-1745,L
5630608.581566,-1746,L
5630612.267287,-1747,L
5630615.928841,-1748,L
5630619.625191,-1749,L
5630623.400244,-1750,L
5630627.226908,-1751,L
5630631.213792,-1752,L
5630635.301897,-1753,L
5630639.556649,-1754,L
5630643.899399,-1755,L
5630648.373019,-1756,L
5630652.917971,-1757,L
5630657.589441,-1758,L
5630662.404187,-1759,L
5630667.398523,-1760,L
5630672.598172,-1761,L
5630677.882321,-1762,L
5630683.404337,-1763,L
5630689.071999,-1764,L
5630694.831958,-1765,L
5630700.775506,-1766,L
5630707.021459,-1767,L
5630713.630149,-1768,L
5630720.653909,-1769,L
5630728.094368,-1770,L
5630735.848731,-1771,L
5630743.984386,-1772,L
5630752.40365,-1773,L
5630760.974986,-1774,L
5630769.967169,-1775,L
5630779.281016,-1776,L
5630788.745565,-1777,L
5630798.58448,-1778,L
5630809.716308,-1779,L
5630825.608437,-1780,L
5630936.148518,-1781,L
5631005.141202,-1780,R
5631037.356586,-1779,R
5631070.151853,-1778,R
5631299.802203,-1777,R
5631370.419017,-1776,R
5631473.47264,-1777,L
5631557.208484,-1776,R
5631708.818838,-1775,R
5631730.186799,-1774,R
5631752.480306,-1773,R
5631857.914348,-1772,R
5631942.326888,-1773,L
5631971.708839,-1774,L
5631995.829975,-1775,L
5632146.815687,-1776,L
5632299.360439,-1777,L
5632614.803019,-1778,L
5632799.223529,-1779,L
5633183.612442,-1778,R
5633196.876062,-1777,R
5633254.631938,-1778,L
5633275.599514,-1779,L
5633835.757158,-1780,L
5634197.6194,-1781,L
5634528.875408,-1782,L
5634976.557769,-1783,L
5636528.424796,-1784,L
5638083.584866,-1783,R
5638110.047904,-1782,R
5638131.049035,-1781,R
5638228.504292,-1782,L
5638363.952965,-1783,L
5638690.203398,-1784,L
5639599.968939,-1785,L
5641604.57868,-1786,L
5643779.391053,-1785,R
5643790.681731,-1784,R
5643881.253412,-1785,L
5643933.908435,-1786,L
5644132.626447,-1785,R
5644518.149855,-1786,L
5644609.039237,-1787,L
5644670.394076,-1788,L
5644883.412124,-1789,L
5645245.466889,-1790,L
5646271.285818,-1791,L
5649398.590038,-1792,L
5651226.055146,-1791,R
5651689.878647,-1792,L
5654294.7898,-1791,R
5654303.880316,-1790,R
5654313.736195,-1789,R
5654326.839632,-1788,R
5654346.392724,-1787,R
5654418.310713,-1786,R
5654485.982209,-1785,R
5654530.676557,-1784,R
5654571.638147,-1783,R
5654738.789363,-1782,R
5654841.973673,-1781,R
5655178.356324,-1782,L
5655631.936028,-1783,L
5656256.558204,-1784,L
5657574.524636,-1785,L
5658676.456679,-1786,L
5659587.671402,-1785,R
5659625.757152,-1784,R
5659655.676395,-1783,R
5659683.484808,-1782,R
5659772.852097,-1783,L
5660012.821758,-1784,L
5660699.654936,-1785,L
5660944.438473,-1784,R
5661098.805805,-1785,L
5661621.947472,-1786,L
5664444.764226,-1785,R
5664812.575906,-1784,R
5664822.15475,-1783,R
5664834.378123,-1782,R
5664938.751237,-1781,R
5664994.668431,-1780,R
5665021.660909,-1779,R
5665042.029789,-1778,R
5665061.893322,-1777,R
5665085.197894,-1776,R
5665157.687971,-1777,L
5665335.910611,-1776,R
5665542.360845,-1777,L
5666009.16927,-1778,L
5666628.376161,-1779,L
5667055.489964,-1780,L
5668553.349839,-1781,L
5669547.685079,-1782,L
5672498.401294,-1783,L
5675154.989829,-1784,L
5675329.783452,-1783,R
5675344.027044,-1782,R
5675546.948263,-1781,R
5675851.350258,-1782,L
5675962.348046,-1783,L
5676094.600038,-1784,L
5676374.822563,-1785,L
5677132.497688,-1786,L
5677193.630496,-1787,L
5677225.088872,-1788,L
5677254.619157,-1789,L
5677621.552187,-1788,R
5677804.578669,-1789,L
5677839.161309,-1790,L
5677992.726024,-1791,L
5678036.93086,-1792,L
5678129.536673,-1791,R
5678211.739484,-1790,R
5678303.94869,-1789,R
5678394.31886,-1788,R
5678531.823187,-1787,R
5678602.037937,-1786,R
5678650.104122,-1785,R
5678681.210853,-1784,R
5678713.524517,-1783,R
5678749.226571,-1782,R
5678884.077074,-1783,L
5678922.054734,-1784,L
5678946.011707,-1785,L
5678967.696185,-1786,L
5678988.473135,-1787,L
5679006.711,-1788,L
5679022.511317,-1789,L
5679037.013703,-1790,L
5679051.988159,-1791,L
5679069.264423,-1792,L
5679093.09086,-1793,L
5679220.610162,-1794,L
5679259.484535,-1795,L
5679287.384022,-1796,L
5679411.890336,-1797,L
5679540.936122,-1796,R
5679615.955322,-1795,R
5679663.152275,-1794,R
5679685.18699,-1793,R
5679705.154245,-1792,R
5679728.390448,-1791,R
5679753.758924,-1790,R
5679881.939905,-1791,L
5680835.197738,-1792,L
5685032.76453,-1793,L
5685827.638778,-1792,R
5685837.201494,-1791,R
5685845.567166,-1790,R
5685854.840662,-1789,R
5685869.772377,-1788,R
5685931.308311,-1789,L
5685962.220286,-1790,L
5686001.275231,-1791,L
5686076.63541,-1790,R
5686120.596971,-1789,R
5686170.102753,-1788,R
5686770.71156,-1789,L
5687129.999304,-1790,L
5688336.958602,-1791,L
5690768.770649,-1792,L
5695118.942993,-1791,R
5695380.690718,-1792,L
5696348.393646,-1791,R
5696354.433657,-1790,R
5696360.337837,-1789,R
5696366.596846,-1788,R
5696373.916548,-1787,R
5696384.447938,-1786,R
5696403.664887,-1785,R
5696570.760743,-1784,R
5696603.560514,-1783,R
5696651.209186,-1782,R
5696886.887719,-1783,L
5697116.849627,-1784,L
5697363.525676,-1785,L
5697700.439121,-1786,L
5698459.316739,-1787,L
5699992.304358,-1786,R
5702364.432974,-1787,L
5704208.861889,-1788,L
5706861.627553,-1787,R
5706869.457027,-1786,R
5706877.217688,-1785,R
5706886.739793,-1784,R
5706903.682635,-1783,R
5706999.424939,-1784,L
5707039.349821,-1785,L
5707080.873872,-1786,L
5707501.76658,-1787,L
5707766.498242,-1788,L
5708681.223108,-1787,R
5708954.399164,-1788,L
5709959.14669,-1789,L
5716966.872662,-1790,L
5717369.905043,-1789,R
5717377.811035,-1788,R
5717385.423642,-1787,R
5717394.972913,-1786,R
5717416.399284,-1785,R
5718043.780934,-1786,L
5718431.036405,-1787,L
5719773.191526,-1788,L
5720189.538364,-1789,L
5722751.011386,-1788,R
5722827.374688,-1787,R
5722888.323279,-1786,R
5722931.655516,-1785,R
5723029.466837,-1786,L
5723081.33293,-1787,L
5723297.832893,-1788,L
5724416.90235,-1789,L
5727887.397004,-1788,R
5727895.888749,-1787,R
5727906.084014,-1786,R
5728068.228837,-1785,R
5728233.937475,-1784,R
5728693.222114,-1785,L
5728898.550306,-1784,R
5728932.622324,-1783,R
5729012.380036,-1782,R
5729051.695444,-1781,R
5729075.516976,-1780,R
5729096.936328,-1779,R
5729117.688632,-1778,R
5729142.669559,-1777,R
5729448.234251,-1778,L
5729788.268606,-1779,L
5730295.029366,-1780,L
5731055.378098,-1781,L
5731873.335846,-1782,L
5732362.245051,-1781,R
5732786.362631,-1782,L
5733389.020569,-1783,L
5738393.829233,-1782,R
5738401.77117,-1781,R
5738409.647996,-1780,R
5738419.495486,-1779,R
5738443.6197,-1778,R
5738698.748991,-1777,R
5739007.311842,-1778,L
5739237.058117,-1779,L
5739663.687156,-1780,L
5741193.604193,-1781,L
5744630.919955,-1782,L
5748905.599393,-1781,R
5748914.134379,-1780,R
5748921.666894,-1779,R
5748929.976345,-1778,R
5748943.637945,-1777,R
5749426.231468,-1776,R
5749553.450415,-1777,L
5749816.865365,-1778,L
5750258.704272,-1779,L
5752686.384835,-1780,L
5753244.393546,-1779,R
5753972.232859,-1780,L
5754300.926841,-1781,L
5755599.854511,-1782,L
5757989.960589,-1783,L
5759422.166929,-1782,R
5759429.258763,-1781,R
5759436.286543,-1780,R
5759444.198906,-1779,R
5759455.92623,-1778,R
5759498.00737,-1777,R
5759596.658447,-1778,L
5759645.282853,-1779,L
5759818.938658,-1780,L
5760425.352264,-1781,L
5761786.074586,-1782,L
5765495.322162,-1781,R
5765887.648939,-1782,L
5769927.442061,-1781,R
5769935.146778,-1780,R
5769941.988245,-1779,R
5769949.347576,-1778,R
5769959.298937,-1777,R
5769980.337758,-1776,R
5770072.065611,-1777,L
5770110.375309,-1778,L
5770349.219038,-1779,L
5770548.62419,-1780,L
5771197.948735,-1781,L
5775947.550514,-1782,L
5780447.354018,-1781,R
5780455.550138,-1780,R
5780464.886394,-1779,R
5780484.074234,-1778,R
5780533.70152,-1779,L
5780562.018359,-1780,L
5780724.289655,-1781,L
5781940.946566,-1782,L
5784688.73996,-1783,L
5790309.352958,-1782,R
5790952.165104,-1781,R
5790958.722759,-1780,R
5790964.515885,-1779,R
5790970.163586,-1778,R
5790976.464966,-1777,R
5790984.754103,-1776,R
5790999.191251,-1775,R
5791072.631886,-1776,L
5791546.740152,-1777,L
5791779.067362,-1778,L
5792026.063995,-1779,L
5793028.267233,-1780,L
5796303.51435,-1781,L
5801470.23269,-1780,R
5801476.594532,-1779,R
5801483.042115,-1778,R
5801490.945496,-1777,R
5801503.699236,-1776,R
5801565.463029,-1777,L
5801625.679523,-1778,L
5801719.920817,-1779,L
5801998.310983,-1780,L
5802547.418931,-1781,L
5804584.858042,-1782,L
5811977.648446,-1781,R
5811986.427097,-1780,R
5811994.818641,-1779,R
5812006.98285,-1778,R
5812065.63599,-1779,L
5812616.16669,-1780,L
5813458.465886,-1781,L
5822486.768593,-1780,R
5822495.188766,-1779,R
5822502.3726,-1778,R
5822510.618368,-1777,R
5822523.490218,-1776,R
5822566.235392,-1777,L
5822589.460988,-1778,L
5822610.396996,-1779,L
5822638.465376,-1780,L
5823296.96185,-1781,L
5833003.729401,-1780,R
5833016.175514,-1779,R
5833073.363801,-1780,L
5833112.484957,-1781,L
5838086.096917,-1782,L
5843516.88515,-1781,R
5843525.933317,-1780,R
5843538.107175,-1779,R
5843607.900408,-1780,L
5843783.002344,-1779,R
5844307.685679,-1780,L
5854025.638236,-1779,R
5854033.783282,-1778,R
5854042.011439,-1777,R
5854054.686477,-1776,R
5854117.184859,-1777,L
5854140.596213,-1778,L
5854208.254172,-1779,L
5857605.229597,-1780,L
5864539.139264,-1779,R
5864547.06009,-1778,R
5864555.257581,-1777,R
5864569.362271,-1776,R
5864618.032702,-1777,L
5864643.659904,-1778,L
5864981.005027,-1777,R
5865465.81978,-1778,L
5875046.886913,-1777,R
5875054.975868,-1776,R
5875063.128322,-1775,R
5875076.464724,-1774,R
5875148.303994,-1775,L
5875241.575953,-1776,L
5875668.06286,-1775,R
5875744.704451,-1776,L
5876067.620355,-1777,L
5885558.852044,-1776,R
5885569.409455,-1775,R
5885584.34897,-1774,R
5885720.921991,-1775,L
5886379.940449,-1776,L
5896072.965951,-1775,R
5896086.63372,-1774,R
5896133.356154,-1775,L
5897161.239656,-1776,L
5906579.47764,-1775,R
5906588.213996,-1774,R
5906596.097694,-1773,R
5906608.265422,-1772,R
5906670.363904,-1773,L
5906710.003114,-1774,L
5907357.778237,-1775,L
5917092.091839,-1774,R
5917100.837158,-1773,R
5917108.925539,-1772,R
5917121.904186,-1771,R
5917170.564193,-1772,L
5917273.267042,-1773,L
5917859.465351,-1774,L
